id,URL,headline,author,date
fe3a60ad-49ca-43ff-a7b8-3cee687370ff,https://www.theverge.com/2023/4/2/23659934/apple-music-classical-metadata-is-good,Why can’t more music apps be like Apple Music Classical?,Alex Cranz,2023-04-02T15:00:00.000Z
320500ca-51de-400f-a979-1b715d932fe2,https://www.theverge.com/23641940/home-assistant-skyconnect-thread-matter-zigbee-smart-home,The Home Assistant SkyConnect is a great excuse to demolish your smart home and start from scratch,Chris Person,2023-04-02T14:00:00.000Z
53f04380-c9a1-4e61-a9f3-858e60ecb081,https://www.theverge.com/23664746/framework-laptop-excitement-vpr-matrix-history-nostalgia,Framework’s computers aren’t perfect but they are exciting,Dan Seifert,2023-04-02T13:00:00.000Z
7e3358c2-1bec-46a4-b7ba-69572c5ddc71,https://www.theverge.com/2023/4/2/23666795/western-digital-xbox-storage-expansion-card,Cheaper Xbox expandable storage cards are on the way,Tom Warren,2023-04-02T13:05:54.653Z
4bb0a243-6576-4e94-9149-a4cca089678c,https://www.theverge.com/2023/4/2/23662863/super73-adventure-e-bikes-k1d-kids-price-specs,Super73 launches Adventure Series and first e-bike for danger babies,Thomas Ricker,2023-04-02T06:38:35.211Z
65c4ca5c-57fa-42a4-b80f-d3bbe1f0a366,https://www.theverge.com/2023/4/2/23667453/secret-invasion-mcu-disney-plus-trailer-premiere-date,Secret Invasion’s latest trailer is a prelude to Marvel’s next big war,Charles Pulliam-Moore,2023-04-03T01:33:05.407Z
27bd0c09-c4a4-4977-9e6a-abd3c3a625bf,https://www.theverge.com/2023/4/2/23664629/huawei-watch-ultimate-price-apple-ultra-smartwatches,Huawei’s latest watch is a jab at the Apple Watch Ultra,Victoria Song,2023-04-02T22:01:00.000Z
7e926fb0-7e76-4557-a659-94e22dcf3188,https://www.theverge.com/good-deals/2023/4/1/23665082/google-pixel-6a-sony-wf-1000xm4-earbuds-amazon-echo-ipad-mini-deal-sale,The newest iPad Mini and Google’s Pixel 6A top our favorite deals of the week,Brandon Widder,2023-04-01T15:22:50.707Z
ca8eb100-7bbf-4971-9411-9079bc7be8c9,https://www.theverge.com/2023/4/1/23666084/asus-rog-ally-handheld-windows-gaming-portable,It’s April Fools’ Day but this Asus ROG Ally handheld gaming PC might not be a joke,Richard Lawler,2023-04-01T22:12:34.763Z
457b30c9-6e53-4340-afa0-b329c61bdc9a,https://www.theverge.com/2023/3/30/23660652/asus-rog-flow-z13-acronym-gaming-laptop-tablet-review,Y’all this laptop is too much,Monica Chin,2023-03-31T00:00:00.000Z
ae289d56-11eb-46a1-bb4a-41b838397cca,https://www.theverge.com/23664533/medicare-advantage-healthcare-algorithm,When healthcare is decided by algorithms who wins?,Barbara Krasnoff,2023-04-01T15:00:00.000Z
874a093f-72b8-4d18-83ab-5f3c0e809abe,https://www.theverge.com/2023/4/1/23662992/riot-games-arena-valorant-esports-league,Riot made its esports arena transform for new Valorant league,Andrew Webster,2023-04-01T13:30:00.000Z
2c726855-8a2e-4500-9283-405959b3901e,https://www.theverge.com/23648726/hp-officejet-printer-region-how-to-change-why,How to change the region on an HP OfficeJet printer in 57 easy steps (printer companies hate this!),Nathan Edwards,2023-04-01T12:00:00.000Z
a942ced4-1bdb-4be8-8508-c94588113267,https://www.theverge.com/2023/3/31/23522169/how-to-fix-disney-plus-brightness-dark-hdr-dolby-vision,Quick fixes: When Disney Plus is so dark you can barely see anything,Sean Hollister,2023-03-31T23:27:03.172Z
bca037fd-d074-4f14-9f01-db9e18bafeb0,https://www.theverge.com/23658631/kitchen-cooking-coffee-gadgets-favorite-tech,The Verge’s 13 favorite kitchen tools,Verge Staff,2023-03-29T13:30:00.000Z
8c9bfade-13a7-4a5b-8f71-de8bd26c7108,https://www.theverge.com/2023/3/31/23665249/hoverboard-recall-jetson-rogue-cspc-recall-fire-risk,This hoverboard is being recalled after a fire that killed two children,Jay Peters,2023-03-31T21:43:35.868Z
b87e0872-c6b8-41a5-95ba-19d60931f785,https://www.theverge.com/2023/3/31/23665128/marvel-secret-invasion-disney-plus-skrulls,Marvel’s Secret Invasion series actually sounds kind of fascinating,Charles Pulliam-Moore,2023-03-31T21:07:03.791Z
5394d84a-d18f-40b8-b3b2-1b0765eefa40,https://www.theverge.com/2023/3/31/23664923/twitter-verification-for-organizations-free-for-most-followed,Twitter’s $1000 checkmark will be free for the 10000 most-followed companies,Mitchell Clark,2023-03-31T20:31:48.067Z
db50e96f-c754-4a90-883c-c4a0a7842f1a,https://www.theverge.com/2023/3/31/23665215/sonic-the-hedgehog-murder-mystery-game-free-steam,The Murder of Sonic the Hedgehog is a new real and free game you can play right now,Antonio G. Di Benedetto,2023-03-31T20:10:45.523Z
b4a953a4-290b-45fa-b0c5-eb327d7b0b4a,https://www.theverge.com/2023/3/31/23664767/plant-sounds-stress-tomato-tobacco-research,This is what a plant sounds like when it’s stressed,Justine Calma,2023-03-31T19:48:31.551Z
375ccf28-68fb-4a65-9fdd-9af7860fe0a9,https://www.theverge.com/2023/3/31/23664748/truckla-tesla-model-3-pickup-truck-update-simone-giertz-video,The ‘Truckla’ DIY Tesla pickup truck is still trucking,Umar Shakir,2023-03-31T19:32:01.639Z
2d3dc7a1-1691-41d7-be98-fedee796ba98,https://www.theverge.com/2023/3/31/23664849/twitter-releases-algorithm-musk-open-source,Twitter takes its algorithm ‘open-source’ as Elon Musk promised,Mitchell Clark,2023-03-31T18:52:13.598Z
08c11233-2dbd-4ffb-a478-2e96974a4240,https://www.theverge.com/2023/3/31/23664814/gm-ev-restrict-apple-carplay-android-auto-google,GM is cutting off access to Apple CarPlay and Android Auto for its future EVs,Andrew J. Hawkins,2023-03-31T17:21:58.756Z
05308b26-b459-41c8-ad47-35fb42ffe804,https://www.theverge.com/2023/3/31/23664809/vampire-survivors-tides-of-the-foscari-fantasy-dlc-expansion-release-date,Vampire Survivors’ new fantasy-themed expansion launches in April for just $2,Jay Peters,2023-03-31T16:20:19.580Z
